{
  "num_common_points": 1440,
  "n_phi_detected": 24,
  "global": {
    "mean_diff_db": 0.9105986634637775,
    "mean_abs_diff_db": 4.459274153224277,
    "rmse_db": 6.237312372432339,
    "max_abs_diff_db": 23.6561779685335
  },
  "phi0_cut": {
    "mean_diff_db": 0.24970255421450205,
    "mean_abs_diff_db": 5.354636463331169,
    "rmse_db": 7.175865735214263,
    "max_abs_diff_db": 20.663053911203807
  },
  "near_broadside": {
    "target_theta_deg": 0.0,
    "nearest_theta_deg": 1.5,
    "mean_abs_diff_db": 0.3700155499940034,
    "max_abs_diff_db": 0.40767901905487847
  },
  "near_target": {
    "target_theta_deg": 30.0,
    "nearest_theta_deg": 28.5,
    "mean_abs_diff_db": 4.01678073961651,
    "max_abs_diff_db": 9.144528556737848
  }
}