{
  "num_common_points": 12960,
  "n_phi_detected": 72,
  "global": {
    "mean_diff_db": -0.8216465016679051,
    "mean_abs_diff_db": 2.6411177057413298,
    "rmse_db": 3.9912605462160236,
    "max_abs_diff_db": 21.869082925049
  },
  "phi0_cut": {
    "mean_diff_db": -2.5816873111495426,
    "mean_abs_diff_db": 3.8295270324447195,
    "rmse_db": 6.299428392742086,
    "max_abs_diff_db": 21.869082925049
  },
  "near_broadside": {
    "target_theta_deg": 0.0,
    "nearest_theta_deg": 0.5,
    "mean_abs_diff_db": 0.24252968839869554,
    "max_abs_diff_db": 0.2437369652037873
  },
  "near_target": {
    "target_theta_deg": 30.0,
    "nearest_theta_deg": 29.5,
    "mean_abs_diff_db": 2.6031621105337273,
    "max_abs_diff_db": 7.336389350522365
  }
}