{
  "num_common_points": 1440,
  "n_phi_detected": 24,
  "global": {
    "mean_diff_db": 3.456039311701554,
    "mean_abs_diff_db": 5.263140158660475,
    "rmse_db": 7.427034635147255,
    "max_abs_diff_db": 21.596571760082135
  },
  "phi0_cut": {
    "mean_diff_db": 3.743577089817643,
    "mean_abs_diff_db": 5.018903317563349,
    "rmse_db": 6.590211232564605,
    "max_abs_diff_db": 14.10002065049165
  },
  "near_broadside": {
    "target_theta_deg": 0.0,
    "nearest_theta_deg": 1.5,
    "mean_abs_diff_db": 0.31479997813411825,
    "max_abs_diff_db": 0.32747656693128846
  },
  "near_target": {
    "target_theta_deg": 30.0,
    "nearest_theta_deg": 28.5,
    "mean_abs_diff_db": 2.061204963075714,
    "max_abs_diff_db": 4.300262278991243
  }
}