{
  "frequency_hz": 3000000000.0,
  "lambda_m": 0.09993081933333334,
  "wavenumber_rad_per_m": 62.87535065855045,
  "aperture_lambda": 4.0,
  "aperture_side_m": 0.39972327733333335,
  "mesh_step_lambda": 0.3333333333333333,
  "mesh_step_m": 0.03331027311111111,
  "zs_imag_ohm": 50.0,
  "theta_inc_deg": 0.0,
  "phi_inc_deg": 0.0,
  "n_theta": 10,
  "n_phi": 8,
  "dtheta_deg": 18.0,
  "dphi_deg": 45.0,
  "num_points": 80,
  "num_vertices": 198,
  "num_elements": 346
}