{
  "num_common_points": 1440,
  "n_phi_detected": 24,
  "global": {
    "mean_diff_db": -4.500980505253437,
    "mean_abs_diff_db": 6.063458253232793,
    "rmse_db": 8.582839756318739,
    "max_abs_diff_db": 33.1739709888421
  },
  "phi0_cut": {
    "mean_diff_db": -2.335148628407245,
    "mean_abs_diff_db": 6.383785864875322,
    "rmse_db": 8.59717315798499,
    "max_abs_diff_db": 28.611418910122776
  },
  "near_broadside": {
    "target_theta_deg": 0.0,
    "nearest_theta_deg": 1.5,
    "mean_abs_diff_db": 0.9381501730729135,
    "max_abs_diff_db": 0.957785263327338
  },
  "near_target": {
    "target_theta_deg": 30.0,
    "nearest_theta_deg": 28.5,
    "mean_abs_diff_db": 3.9789812371022713,
    "max_abs_diff_db": 10.472327590300385
  }
}