{
  "num_common_points": 1440,
  "n_phi_detected": 24,
  "global": {
    "mean_diff_db": -4.498516993518475,
    "mean_abs_diff_db": 6.068299013939733,
    "rmse_db": 8.58621981640688,
    "max_abs_diff_db": 33.49542950525162
  },
  "phi0_cut": {
    "mean_diff_db": -2.3335156115372127,
    "mean_abs_diff_db": 6.382608730656079,
    "rmse_db": 8.60074945055505,
    "max_abs_diff_db": 28.589858420034396
  },
  "near_broadside": {
    "target_theta_deg": 0.0,
    "nearest_theta_deg": 1.5,
    "mean_abs_diff_db": 0.9380539154616411,
    "max_abs_diff_db": 0.9576725055471123
  },
  "near_target": {
    "target_theta_deg": 30.0,
    "nearest_theta_deg": 28.5,
    "mean_abs_diff_db": 3.9773204309153236,
    "max_abs_diff_db": 10.470650507079462
  }
}