{
  "num_common_points": 1440,
  "n_phi_detected": 24,
  "global": {
    "mean_diff_db": -1.2846117400806754,
    "mean_abs_diff_db": 2.855371424404849,
    "rmse_db": 4.720343068699572,
    "max_abs_diff_db": 21.394332863726664
  },
  "phi0_cut": {
    "mean_diff_db": 1.4215982266710745,
    "mean_abs_diff_db": 3.7900034815207007,
    "rmse_db": 5.4872951782193935,
    "max_abs_diff_db": 21.327250219578943
  },
  "near_broadside": {
    "target_theta_deg": 0.0,
    "nearest_theta_deg": 1.5,
    "mean_abs_diff_db": 0.19526149882076607,
    "max_abs_diff_db": 0.20543077680654775
  },
  "near_target": {
    "target_theta_deg": 30.0,
    "nearest_theta_deg": 28.5,
    "mean_abs_diff_db": 2.7003152128407444,
    "max_abs_diff_db": 9.158435909276633
  }
}