{
  "num_common_points": 1440,
  "n_phi_detected": 24,
  "global": {
    "mean_diff_db": 0.11063139316229527,
    "mean_abs_diff_db": 0.6836048332392876,
    "rmse_db": 1.1351884574578326,
    "max_abs_diff_db": 5.752432173370089
  },
  "phi0_cut": {
    "mean_diff_db": 0.11267576956546993,
    "mean_abs_diff_db": 0.6020965292685371,
    "rmse_db": 0.9068279263624798,
    "max_abs_diff_db": 2.833135237777645
  },
  "near_broadside": {
    "target_theta_deg": 0.0,
    "nearest_theta_deg": 1.5,
    "mean_abs_diff_db": 0.023804438567896824,
    "max_abs_diff_db": 0.02522389857715268
  },
  "near_target": {
    "target_theta_deg": 30.0,
    "nearest_theta_deg": 28.5,
    "mean_abs_diff_db": 0.2908338185251487,
    "max_abs_diff_db": 0.6629407813510997
  }
}