{
  "num_common_points": 1440,
  "n_phi_detected": 24,
  "global": {
    "mean_diff_db": 1.4488528614102456,
    "mean_abs_diff_db": 4.560973847135917,
    "rmse_db": 6.331345742547655,
    "max_abs_diff_db": 24.48306794725641
  },
  "phi0_cut": {
    "mean_diff_db": 0.4230177278286,
    "mean_abs_diff_db": 5.573801037321805,
    "rmse_db": 7.397972170494087,
    "max_abs_diff_db": 21.15552387857022
  },
  "near_broadside": {
    "target_theta_deg": 0.0,
    "nearest_theta_deg": 1.5,
    "mean_abs_diff_db": 0.17777037374880264,
    "max_abs_diff_db": 0.3148295982392142
  },
  "near_target": {
    "target_theta_deg": 30.0,
    "nearest_theta_deg": 28.5,
    "mean_abs_diff_db": 2.94622058783499,
    "max_abs_diff_db": 12.137582813522709
  }
}