{
  "frequency_hz": 3060000000.0,
  "lambda_m": 0.09797139150326797,
  "wavenumber_rad_per_m": 64.13285767172147,
  "aperture_lambda": 4.0,
  "aperture_side_m": 0.3918855660130719,
  "mesh_step_lambda": 0.3333333333333333,
  "mesh_step_m": 0.03265713050108932,
  "zs_imag_ohm": 200.0,
  "zs_scale": 0.002654418727984993,
  "zs_effective_imag_ohm": 0.5308837455969986,
  "theta_inc_deg": 0.0,
  "phi_inc_deg": 0.0,
  "op_sign": "minus",
  "rhs_cross": "e_cross_n",
  "rhs_sign": 1.0,
  "phase_sign": "plus",
  "n_theta": 60,
  "n_phi": 24,
  "dtheta_deg": 3.0,
  "dphi_deg": 14.999999999999998,
  "num_points": 1440,
  "num_vertices": 198,
  "num_elements": 346
}