case_id,freq_ghz,zs_imag_ohm,theta_inc_deg,phi_inc_deg,rmse_db,mean_abs_db,max_abs_db,near_target_theta_deg,near_target_mean_abs_db,near_target_max_abs_db,pass_rmse_le_2p5,pass_target_le_1p5,pass_max_le_25
case01_z50_n0_f3p00,3.0,50.0,0.0,0.0,7.80055488436517,4.836059939641303,41.87397279041198,29.5,2.821390885672278,8.023812256590777,False,False,False
case02_z100_n0_f3p00,3.0,100.0,0.0,0.0,6.023954724686764,3.799551656530815,36.2398691766721,29.5,3.377045643672494,10.294856415744302,False,False,False
case03_z200_n0_f3p00,3.0,200.0,0.0,0.0,9.783424254017946,6.640496320491086,43.11929783919835,29.5,6.8974259346728495,19.43750062959992,False,False,False
case04_z300_n0_f3p00,3.0,300.0,0.0,0.0,8.310591532651884,5.407732079337493,42.42257807848622,29.5,4.24033794675557,15.160786969173145,False,False,False
case05_z200_n5_f3p00,3.0,200.0,5.0,0.0,7.998854576735314,5.971802644018709,32.77504995990678,29.5,5.161410635241108,15.894280158093242,False,False,False
case06_z200_n0_f3p06,3.06,200.0,0.0,0.0,9.78343640521601,6.640508813909441,43.119386389881,29.5,6.897427100112669,19.43750852893194,False,False,False
