case_id,freq_ghz,zs_imag_ohm,theta_inc_deg,phi_inc_deg,rmse_db,mean_abs_db,max_abs_db,near_target_theta_deg,near_target_mean_abs_db,near_target_max_abs_db,pass_rmse_le_2p5,pass_target_le_1p5,pass_max_le_25
case01_z50_n0_f3p00,3.0,50.0,0.0,0.0,4.720343068699572,2.855371424404849,21.394332863726664,28.5,2.7003152128407444,9.158435909276633,False,False,True
case02_z100_n0_f3p00,3.0,100.0,0.0,0.0,2.7009528821493687,1.7692052910811855,14.415419667104054,28.5,0.640593493023034,1.4173697490317567,False,True,True
case03_z200_n0_f3p00,3.0,200.0,0.0,0.0,6.237418307823048,4.459306716376138,23.664288020843685,28.5,4.0169534135408504,9.144970469665509,False,False,True
case04_z300_n0_f3p00,3.0,300.0,0.0,0.0,8.30865975531418,6.046604849209972,25.049989660763217,28.5,3.6215687564882018,7.77971882681612,False,False,False
case05_z200_n5_f3p00,3.0,200.0,5.0,0.0,6.331345742547655,4.560973847135917,24.48306794725641,28.5,2.94622058783499,12.137582813522709,False,False,True
case06_z200_n0_f3p06,3.06,200.0,0.0,0.0,6.237312372432339,4.459274153224277,23.6561779685335,28.5,4.01678073961651,9.144528556737848,False,False,True
